LOGIN;NAME;PASSWORD;EMAIL //entête à cpnserver et à respecter.
leCool,Jean Bon,tranche,jean@bon.com
selfi,Thomas Photo,polaroid,flash@face.org
popol,Paul Jacques,trucmuche,pierre@kirock.gmal
Abel;Auboisdormant;Abel;Abel.Auboisdormant@mail.com
Adam;Troijours;Adam;Adam.Troijours@mail.com
Adaimar;Monoto;Adaimar;Adaimar.Monoto@mail.com
Adaimar;PasElKal;Adaimar;Adaimar.PasElKal@mail.com
Adaimar;Okardetour;Adaimar;Adaimar.Okardetour@mail.com
Adrienne;Kepoura;Adrienne;Adrienne.Kepoura@mail.com
Agathe;Zeublouse;Agathe;Agathe.Zeublouse@mail.com
Ahmed;aipan;Ahmed;Ahmed.aipan@mail.com
Akim;Embett;Akim;Akim.Embett@mail.com
Alain;Dinon;Alain;Alain.Dinon@mail.com
Alain;Provist;Alain;Alain.Provist@mail.com
Alain;Tairieur;Alain;Alain.Tairieur@mail.com
Alain;Verse;Alain;Alain.Verse@mail.com
Alban;Bou;Alban;Alban.Bou@mail.com
Albert;Ichon;Albert;Albert.Ichon@mail.com
Aldo;Berman;Aldo;Aldo.Berman@mail.com
Alex;Ception;Alex;Alex.Ception@mail.com
Alex;Citai;Alex;Alex.Citai@mail.com
Alex;Pyration;Alex;Alex.Pyration@mail.com
Alex;Tairieur;Alex;Alex.Tairieur@mail.com
Alfred;Ezaifor;Alfred;Alfred.Ezaifor@mail.com
Ali;Gator;Ali;Ali.Gator@mail.com
Ali;Mentation;Ali;Ali.Mentation@mail.com
Aline;aiha;Aline;Aline.aiha@mail.com
Allan;Oi;Allan;Allan.Oi@mail.com
Alonzo;Balmaskai;Alonzo;Alonzo.Balmaskai@mail.com
Alphonse;Danlmur;Alphonse;Alphonse.Danlmur@mail.com
Alphonse;Patamob;Alphonse;Alphonse.Patamob@mail.com
Amanda;Bleu;Amanda;Amanda.Bleu@mail.com
Amandine;Ozaur;Amandine;Amandine.Ozaur@mail.com
Amar;Dioui;Amar;Amar.Dioui@mail.com
Ambroise;Bienlepetit;Ambroise;Ambroise.Bienlepetit@mail.com
Amaidai;Bu;Amaidai;Amaidai.Bu@mail.com
Amelie;Vapavitmailivaloin;Amelie;Amelie.Vapavitmailivaloin@mail.com
Amhed;AmetLeCouvert;Amhed;Amhed.AmetLeCouvert@mail.com
Amour;Hirderire;Amour;Amour.Hirderire@mail.com
Andrai;Caiouver;Andrai;Andrai.Caiouver@mail.com
Andrai;Daizartistte;Andrai;Andrai.Daizartistte@mail.com
Andrai;Naline;Andrai;Andrai.Naline@mail.com
Andy;Capai;Andy;Andy.Capai@mail.com
Angeyle;Fermlaporte;Angeyle;Angeyle.Fermlaporte@mail.com
Anna;Tomie;Anna;Anna.Tomie@mail.com
Anna-Lise;Durhine;Lise;Lise.Durhine@mail.com
Anne;Halle;Anne;Anne.Halle@mail.com
Anne;Haiantie;Anne;Anne.Haiantie@mail.com
Anne-Corinne;Ptitghoute;Corinne;Corinne.Ptitghoute@mail.com
Annie;Mâle;Annie;Annie.Mâle@mail.com
Annie;Versaire;Annie;Annie.Versaire@mail.com
Annie-Zette;Auffray;Zette;Zette.Auffray@mail.com
Aphonse;Kelpeuv;Aphonse;Aphonse.Kelpeuv@mail.com
Apiss;Dedan;Apiss;Apiss.Dedan@mail.com
Chirac;Côtai;Chirac;Chirac.Côtai@mail.com
Araitha;Connerie;Araitha;Araitha.Connerie@mail.com
Ariete;Bordeauxchesnel;Ariete;Ariete.Bordeauxchesnel@mail.com
Armand;Bandouilleyre;Armand;Armand.Bandouilleyre@mail.com
Armand;Talo;Armand;Armand.Talo@mail.com
Armelle;Couvert;Armelle;Armelle.Couvert@mail.com
Arthur;Lut;Arthur;Arthur.Lut@mail.com
Astairix;aipairil;Astairix;Astairix.aipairil@mail.com
Aubin;Sahalor;Aubin;Aubin.Sahalor@mail.com
Aude;Haibussavabien;Aude;Aude.Haibussavabien@mail.com
Aude;Javel;Aude;Aude.Javel@mail.com
Aude;Vesselle;Aude;Aude.Vesselle@mail.com
Aurore;Polaire;Aurore;Aurore.Polaire@mail.com
Aurore;Boraiale;Aurore;Aurore.Boraiale@mail.com
Aurore;Polaire;Aurore;Aurore.Polaire@mail.com
Aurailie;Biencequetaaicri;Aurailie;Aurailie.Biencequetaaicri@mail.com
Axel;eyre;Axel;Axel.eyre@mail.com
Barack;Afritt;Barack;Barack.Afritt@mail.com
Barbara;Daigout;Barbara;Barbara.Daigout@mail.com
Bart;Haba;Bart;Bart.Haba@mail.com
Bernadette;Dejeu;Bernadette;Bernadette.Dejeu@mail.com
Bernard;Tichaut;Bernard;Bernard.Tichaut@mail.com
Berthe;Alors;Berthe;Berthe.Alors@mail.com
Berthe;Zaiprofit;Berthe;Berthe.Zaiprofit@mail.com
Beth;Rave;Beth;Beth.Rave@mail.com
Bianca;Lamine;Bianca;Bianca.Lamine@mail.com
Bienvenue;Parminou;Bienvenue;Bienvenue.Parminou@mail.com
Bill;Hattairahl;Bill;Bill.Hattairahl@mail.com
Blanche;Adaiçin;Blanche;Blanche.Adaiçin@mail.com
Bob;Ho;Bob;Bob.Ho@mail.com
Bowie;Kent;Bowie;Bowie.Kent@mail.com
Brice;Glace;Brice;Brice.Glace@mail.com
Brice;Glace;Brice;Brice.Glace@mail.com
Burt;Hatartynn;Burt;Burt.Hatartynn@mail.com
Camille;Onette;Camille;Camille.Onette@mail.com
Camille;Zole;Camille;Camille.Zole@mail.com
Candice;Et;Candice;Candice.Et@mail.com;De;Fondouze;De;De.Fondouze@mail.com
Candy;Raton;Candy;Candy.Raton@mail.com
Candy;Tu;Candy;Candy.Tu@mail.com
Carla;Parolaidor;Carla;Carla.Parolaidor@mail.com
Caicile;Encieu;Caicile;Caicile.Encieu@mail.com
Caicile;Hon;Caicile;Caicile.Hon@mail.com
Caicile;Houinkça;Caicile;Caicile.Houinkça@mail.com
Cailine;aivitable;Cailine;Cailine.aivitable@mail.com
Charles;Ottofraize;Charles;Charles.Ottofraize@mail.com
Cicairon;Caipacarai;Cicairon;Cicairon.Caipacarai@mail.com
Claire;Deloune;Claire;Claire.Deloune@mail.com
Claire;Hyeyre;Claire;Claire.Hyeyre@mail.com
Claire;Laplace;Claire;Claire.Laplace@mail.com
Claire;Obscure;Claire;Claire.Obscure@mail.com
Claire;Hainett;Claire;Claire.Hainett@mail.com
Claire;Voyance;Claire;Claire.Voyance@mail.com
Claimence;DeDieu;Claimence;Claimence.DeDieu@mail.com
Clemence;Dutribunal;Clemence;Clemence.Dutribunal@mail.com
Claiment;Tine;Claiment;Claiment.Tine@mail.com
Clint;Horris;Clint;Clint.Horris@mail.com
Colette;Stairole;Colette;Colette.Stairole@mail.com
Cyrielle;aipatriste;Cyrielle;Cyrielle.aipatriste@mail.com
Cyril;Hique;Cyril;Cyril.Hique@mail.com
Daisy;D;Daisy;Daisy.D@mail.com.Malplacai
Daisy;DesRata;Daisy;Daisy.DesRata@mail.com
Daisy;Dyossi;Daisy;Daisy.Dyossi@mail.com
Daisy;Rable;Daisy;Daisy.Rable@mail.com
Dan;Delion;Dan;Dan.Delion@mail.com
Delphine;Talaron;Delphine;Delphine.Talaron@mail.com
Denis;Chon;Denis;Denis.Chon@mail.com
Dereck;Tom;Dereck;Dereck.Tom@mail.com
Dick;Taicenfote;Dick;Dick.Taicenfote@mail.com
Djamal;Alatête;Djamal;Djamal.Alatête@mail.com
Djamal;Digairai;Djamal;Djamal.Digairai@mail.com
Djamal;Dormi;Djamal;Djamal.Dormi@mail.com
Djigaut;Daniel;Djigaut;Djigaut.Daniel@mail.com
Douglas;O;Douglas;Douglas.O@mail.com’Chocola
Eddy;DonMarcel;Eddy;Eddy.DonMarcel@mail.com
Eddy;Scylla;Eddy;Eddy.Scylla@mail.com
Edgard;Ataifesse;Edgard;Edgard.Ataifesse@mail.com
aidith;Orial;aidith;aidith.Orial@mail.com
Edmond;Fils;Edmond;Edmond.Fils@mail.com
Edmond;Grec;Edmond;Edmond.Grec@mail.com
Edmond;Prochain;Edmond;Edmond.Prochain@mail.com
Edmond;Saintmichel;Edmond;Edmond.Saintmichel@mail.com
Edmond;Zobarentrer;Edmond;Edmond.Zobarentrer@mail.com
Elaionor;Marolex;Elaionor;Elaionor.Marolex@mail.com
ailaionore;Ilaiosud;ailaionore;ailaionore.Ilaiosud@mail.com
ailie;Copteyre;ailie;ailie.Copteyre@mail.com
ailise;aimoi;ailise;ailise.aimoi@mail.com
Ella;Bienhu;Ella;Ella.Bienhu@mail.com
Ella;Danloss;Ella;Ella.Danloss@mail.com
Ella;De;Ella;Ella.De@mail.com;Bonzieux
Ella;Lagingrat;Ella;Ella.Lagingrat@mail.com
Ella;Lapêche;Ella;Ella.Lapêche@mail.com
Ella;LaisseinHalerre;Ella;Ella.LaisseinHalerre@mail.com
Elmer;Itmieu;Elmer;Elmer.Itmieu@mail.com
Elsa;Dorsa;Elsa;Elsa.Dorsa@mail.com
Elsa;Rose;Elsa;Elsa.Rose@mail.com
Annie;Versaire;Annie;Annie.Versaire@mail.com
Elvira;Goche;Elvira;Elvira.Goche@mail.com
Elvire;Horouge;Elvire;Elvire.Horouge@mail.com
Elvis;Cruxiforme;Elvis;Elvis.Cruxiforme@mail.com
Emma;Biensucai;Emma;Emma.Biensucai@mail.com
Emma;Paradai;Emma;Emma.Paradai@mail.com
Emmanuelle;De;Emmanuelle;Emmanuelle.De@mail.com;Classe
Eric;Hochet;Eric;Eric.Hochet@mail.com
Esmaie;Valda;Esmaie;Esmaie.Valda@mail.com
Estelle;ManImportant;Estelle;Estelle.ManImportant@mail.com
Estelle;Oussacopine;Estelle;Estelle.Oussacopine@mail.com
aiva;Kuaileslieux;aiva;aiva.Kuaileslieux@mail.com
Eva;Lavaitoncul;Eva;Eva.Lavaitoncul@mail.com
Eva;Pisser;Eva;Eva.Pisser@mail.com
Eva;Poraie;Eva;Eva.Poraie@mail.com
Eva;Sion;Eva;Eva.Sion@mail.com
eyva;Skacailagueul;eyva;eyva.Skacailagueul@mail.com
eyve;HeilleDesSens;eyve;eyve.HeilleDesSens@mail.com
Eve;Vitlaizembrouilles;Eve;Eve.Vitlaizembrouilles@mail.com
Farid;Hannibal;Farid;Farid.Hannibal@mail.com
Failix;Avant;Failix;Failix.Avant@mail.com;Lehigrek
Fidel;Assonmek;Fidel;Fidel.Assonmek@mail.com
Fideyle;Annamour;Fideyle;Fideyle.Annamour@mail.com
Fideyle;Hamoimeyme;Fideyle;Fideyle.Hamoimeyme@mail.com
Firmin;Dustriel;Firmin;Firmin.Dustriel@mail.com
Firmin;Peutagueule;Firmin;Firmin.Peutagueule@mail.com
Fred;Voyage;Fred;Fred.Voyage@mail.com
Gael;aipahintairaissai;Gael;Gael.aipahintairaissai@mail.com
Garcin;Lazare;Garcin;Garcin.Lazare@mail.com
Gaspard;Alizan;Gaspard;Gaspard.Alizan@mail.com
Gaspard;Fait;Gaspard;Gaspard.Fait@mail.com
Gaidaion;Groidenmabaignoire;Gaidaion;Gaidaion.Groidenmabaignoire@mail.com
Gemal;AllesseThomas;Gemal;Gemal.AllesseThomas@mail.com
Geoffroy;Denledo;Geoffroy;Geoffroy.Denledo@mail.com
Georgette;Tousskjebouf;Georgette;Georgette.Tousskjebouf@mail.com
Gairard;Issime;Gairard;Gairard.Issime@mail.com
Gairard;Manvussa;Gairard;Gairard.Manvussa@mail.com
Gairard;Mendufric;Gairard;Gairard.Mendufric@mail.com
Gairard;Menfaim;Gairard;Gairard.Menfaim@mail.com
Gairard;Menjoui;Gairard;Gairard.Menjoui@mail.com
Gerard;Menvuça;Gerard;Gerard.Menvuça@mail.com
Gairard;Menvussat;Gairard;Gairard.Menvussat@mail.com
Gilbert;Monlatin;Gilbert;Gilbert.Monlatin@mail.com
Gilles;DeSauvetage;Gilles;Gilles.DeSauvetage@mail.com
Gilles;Haidesovetaj;Gilles;Gilles.Haidesovetaj@mail.com
Gilles;Parbal;Gilles;Gilles.Parbal@mail.com
Gilles;S;Gilles;Gilles.S@mail.com.Desplumes
Gina;Bricotaipêche;Gina;Gina.Bricotaipêche@mail.com
Gina;L;Gina;Gina.L@mail.com’Eau
Ginette;Toyailaivaicai;Ginette;Ginette.Toyailaivaicai@mail.com
Guillaume;Tinnai;Guillaume;Guillaume.Tinnai@mail.com
Gustave;Isabelleaiglise;Gustave;Gustave.Isabelleaiglise@mail.com
Guy;Cholard;Guy;Guy.Cholard@mail.com
Guy;DeMichelin;Guy;Guy.DeMichelin@mail.com
Guy;DonDeCnourse;Guy;Guy.DonDeCnourse@mail.com
Guy;Tar;Guy;Guy.Tar@mail.com
Guy;Yiotine;Guy;Guy.Yiotine@mail.com
Habib;Ochai;Habib;Habib.Ochai@mail.com
Hakim;Membien;Hakim;Hakim.Membien@mail.com
Hans;Cenhalan;Hans;Hans.Cenhalan@mail.com
Hans;KimKoncern;Hans;Hans.KimKoncern@mail.com
Harry;Cover;Harry;Harry.Cover@mail.com
Harry;Stote;Harry;Harry.Stote@mail.com
Hassan;Cehef;Hassan;Hassan.Cehef@mail.com
Hassan;Glier;Hassan;Hassan.Glier@mail.com
Hailaina;DuMondaubalcon;Hailaina;Hailaina.DuMondaubalcon@mail.com
Helmut;Tardeellepique;Helmut;Helmut.Tardeellepique@mail.com
Henri;AmaidaiPan;Henri;Henri.AmaidaiPan@mail.com
Henri;Cochet;Henri;Henri.Cochet@mail.com
Henri;Gole;Henri;Henri.Gole@mail.com
Henri;Hencor;Henri;Henri.Hencor@mail.com
Henri;Poste;Henri;Henri.Poste@mail.com
Henri;Stourne;Henri;Henri.Stourne@mail.com
Hercule;Danlapante;Hercule;Hercule.Danlapante@mail.com
Haisotte;Eric;Haisotte;Haisotte.Eric@mail.com
Hippolyte;IzeLeDaibat;Hippolyte;Hippolyte.IzeLeDaibat@mail.com
Homeyre;Dalor;Homeyre;Homeyre.Dalor@mail.com
Humphrey;Biensucai;Humphrey;Humphrey.Biensucai@mail.com
Hyppolite;Hic;Hyppolite;Hyppolite.Hic@mail.com
Igor;Dehors;Igor;Igor.Dehors@mail.com
Ima;Geley;Ima;Ima.Geley@mail.com
Ineys;Alamaternitai;Ineys;Ineys.Alamaternitai@mail.com
Irainaie;Ledivinenfant;Irainaie;Irainaie.Ledivinenfant@mail.com
Isabelle;Parleurnom;Isabelle;Isabelle.Parleurnom@mail.com
Ivan;Desmuguets;Ivan;Ivan.Desmuguets@mail.com
Jacques;Cailert;Jacques;Jacques.Cailert@mail.com
Jacques;Couche;Jacques;Jacques.Couche@mail.com
Jacques;Ouzi;Jacques;Jacques.Ouzi@mail.com
Jacques;Sonne;Jacques;Jacques.Sonne@mail.com
Jacques;Use;Jacques;Jacques.Use@mail.com
Jacques;Xellerre;Jacques;Jacques.Xellerre@mail.com
James;Tonptiku;James;James.Tonptiku@mail.com
Janette;Pafin;Janette;Janette.Pafin@mail.com
Jean;BalleToultan;Jean;Jean.BalleToultan@mail.com
Jean;Bambois;Jean;Jean.Bambois@mail.com
Jean;Bonboeur;Jean;Jean.Bonboeur@mail.com
Jean;Bonnaud;Jean;Jean.Bonnaud@mail.com
Jean;Civabimai;Jean;Jean.Civabimai@mail.com
Jean;Bave;Jean;Jean.Bave@mail.com
Jean;aideu;Jean;Jean.aideu@mail.com
Jean;aihenvumil;Jean;Jean.aihenvumil@mail.com
Jean;Naimard;Jean;Jean.Naimard@mail.com
Jean;Philaimonpull;Jean;Jean.Philaimonpull@mail.com
Jean;Prendnote;Jean;Jean.Prendnote@mail.com
Jean;Registre;Jean;Jean.Registre@mail.com
Jean;Reprendraisbienunptitouimerci;Jean;Jean.Reprendraisbienunptitouimerci@mail.com
Jean;Rigole;Jean;Jean.Rigole@mail.com
Jean;Tanrien;Jean;Jean.Tanrien@mail.com
Jean;Titouplin;Jean;Jean.Titouplin@mail.com
Jean-Aymard
Jean-Loup;Raipas;Loup;Loup.Raipas@mail.com
Jean-Marie;Deux;Marie;Marie.Deux@mail.com
Jeanne;Dmaipassa;Jeanne;Jeanne.Dmaipassa@mail.com
Jeanne;aicassai;Jeanne;Jeanne.aicassai@mail.com
Jean-Phil;Monslip;Phil;Phil.Monslip@mail.com
Jeff;Haipipioli;Jeff;Jeff.Haipipioli@mail.com
Jeff;Hun;Jeff;Jeff.Hun@mail.com
Jenifer;Rien;Jenifer;Jenifer.Rien@mail.com
Jennifer;Arepassai;Jennifer;Jennifer.Arepassai@mail.com
Jairaimy;Ade;Jairaimy;Jairaimy.Ade@mail.com
Jairaimy;Unmantopourliveyre;Jairaimy;Jairaimy.Unmantopourliveyre@mail.com
Jerry;Kan;Jerry;Jerry.Kan@mail.com
Jessica;NetOFrigo;Jessica;Jessica.NetOFrigo@mail.com
Jessica;Niche;Jessica;Jessica.Niche@mail.com
Jessica;Potanglaise;Jessica;Jessica.Potanglaise@mail.com
Jessica;Trizaivit;Jessica;Jessica.Trizaivit@mail.com
Jim;Haimongrindsel;Jim;Jim.Haimongrindsel@mail.com
Jo;Bar;Jo;Jo.Bar@mail.com
John;Duff;John;John.Duff@mail.com
John;Veuplu;John;John.Veuplu@mail.com
Juda;Nanasse;Juda;Juda.Nanasse@mail.com
judas;Bricot;judas;judas.Bricot@mail.com
Jules;Hule;Jules;Jules.Hule@mail.com
Julie;Danstaipensai;Julie;Julie.Danstaipensai@mail.com
Julien;Ternette;Julien;Julien.Ternette@mail.com
Julienne;Delaigum;Julienne;Julienne.Delaigum@mail.com
Justin;Calva;Justin;Justin.Calva@mail.com
Justin;Ptipeu;Justin;Justin.Ptipeu@mail.com
Justine;Ptitghoute;Justine;Justine.Ptitghoute@mail.com
Anne-Corinne;Ptitghoute;Corinne;Corinne.Ptitghoute@mail.com
Karl;Amelmou;Karl;Karl.Amelmou@mail.com
Karl;Lage;Karl;Karl.Lage@mail.com
Kelly;Diossi;Kelly;Kelly.Diossi@mail.com
Kelly;Diote;Kelly;Kelly.Diote@mail.com
Khaled;Ossecour;Khaled;Khaled.Ossecour@mail.com
Khan;Hisch;Khan;Khan.Hisch@mail.com
Khan;JepetJehpu;Khan;Khan.JepetJehpu@mail.com
Lady;Commandement;Lady;Lady.Commandement@mail.com
Jean;Beudeboit;Jean;Jean.Beudeboit@mail.com
Lara;Masse;Lara;Lara.Masse@mail.com
Lara;Sure;Lara;Lara.Sure@mail.com
Lara;Tatouille;Lara;Lara.Tatouille@mail.com
Larry;Golade;Larry;Larry.Golade@mail.com
Lary;Bambel;Lary;Lary.Bambel@mail.com
Laure;Brille;Laure;Laure.Brille@mail.com
Laure;Dure;Laure;Laure.Dure@mail.com
Laure;aidubois;Laure;Laure.aidubois@mail.com
Laure;aiyencoin;Laure;Laure.aiyencoin@mail.com
Laure;Plaquaie;Laure;Laure.Plaquaie@mail.com
Laure;Tiblanche;Laure;Laure.Tiblanche@mail.com
Laure;Voirraimerci;Laure;Laure.Voirraimerci@mail.com
Laure-Ange;Ajus;Ange;Ange.Ajus@mail.com
Laurent;Gina;Laurent;Laurent.Gina@mail.com
Laurent;Ginette;Laurent;Laurent.Ginette@mail.com
Laurent;Houtan;Laurent;Laurent.Houtan@mail.com
Lazare;Faibienlaichose;Lazare;Lazare.Faibienlaichose@mail.com
Lazare;SaintLagare;Lazare;Lazare.SaintLagare@mail.com
Lenny;Fiant;Lenny;Lenny.Fiant@mail.com
Laion;Dit;Laion;Laion.Dit@mail.com
Esmaie;Sebasket;Esmaie;Esmaie.Sebasket@mail.com
Line;aivitable;Line;Line.aivitable@mail.com
Line;Ottension;Line;Line.Ottension@mail.com
Lola;Mouille;Lola;Lola.Mouille@mail.com-Les-Sec
Lorie;Fice;Lorie;Lorie.Fice@mail.com
Lory;Fice;Lory;Lory.Fice@mail.com
Louis;Dort;Louis;Louis.Dort@mail.com
Lucie;Ditaie;Lucie;Lucie.Ditaie@mail.com
Lucie;Fer;Lucie;Lucie.Fer@mail.com
Lucien;Asamaimair;Lucien;Lucien.Asamaimair@mail.com
Lydie;Commandements;Lydie;Lydie.Commandements@mail.com
Lydie;Oduvilaze;Lydie;Lydie.Oduvilaze@mail.com
Marc;Asaint;Marc;Marc.Asaint@mail.com
Marc;Daibutt;Marc;Marc.Daibutt@mail.com
Marc;Depoin;Marc;Marc.Depoin@mail.com
Marcel;Cainana;Marcel;Marcel.Cainana@mail.com
Marie;Age;Marie;Marie.Age@mail.com
Marie;Rouana;Marie;Marie.Rouana@mail.com
Marie;Tim;Marie;Marie.Tim@mail.com
Marie;Vieyre;Marie;Marie.Vieyre@mail.com
Marie-Ange;Pluvieux;Ange;Ange.Pluvieux@mail.com
Marie-Ange;Heureux;Ange;Ange.Heureux@mail.com
Marjorie;Devault;Marjorie;Marjorie.Devault@mail.com
Marthe;ElEntete;Marthe;Marthe.ElEntete@mail.com
Martial;Lacour;Martial;Martial.Lacour@mail.com
Martine;Depinbeurrey;Martine;Martine.Depinbeurrey@mail.com
Mataio;Porte;Mataio;Mataio.Porte@mail.com
Mathilde;Ivertement;Mathilde;Mathilde.Ivertement@mail.com
Maude;Cambronne;Maude;Maude.Cambronne@mail.com
Maude;Erateur;Maude;Maude.Erateur@mail.com
Maude;Ysoitil;Maude;Maude.Ysoitil@mail.com
Max;Hymôme;Max;Max.Hymôme@mail.com
Maidhi;Khaman;Maidhi;Maidhi.Khaman@mail.com
Mailanie;Dansmonverre;Mailanie;Mailanie.Dansmonverre@mail.com
Melanie;Zetofrais;Melanie;Melanie.Zetofrais@mail.com
Mailusine;Enperte;Mailusine;Mailusine.Enperte@mail.com
Michel;De;Michel;Michel.De@mail.com;Mess
Missel;De;Missel;Missel.De@mail.com;Meyche
Micheline;aitrain;Micheline;Micheline.aitrain@mail.com
Mick;Emmaus;Mick;Mick.Emmaus@mail.com
Mileyne;Micoton;Mileyne;Mileyne.Micoton@mail.com
Modeste;Men;Modeste;Modeste.Men@mail.com
Modeste;Oma;Modeste;Modeste.Oma@mail.com
Moshai;Rimonamour;Moshai;Moshai.Rimonamour@mail.com
Nadeyge;Avudotre;Nadeyge;Nadeyge.Avudotre@mail.com
Nadine;Amo;Nadine;Nadine.Amo@mail.com
Nestor;Nade;Nestor;Nestor.Nade@mail.com
Nicolas;Nihorangina;Nicolas;Nicolas.Nihorangina@mail.com
Nordine;Ateur;Nordine;Nordine.Ateur@mail.com
Norma;Leman;Norma;Norma.Leman@mail.com
Octave;Ergebelle;Octave;Octave.Ergebelle@mail.com
Odile;Hatmoilarate;Odile;Odile.Hatmoilarate@mail.com
Odile;Deray;Odile;Odile.Deray@mail.com
Olive;De;Olive;Olive.De@mail.com;Messe
Omar;Ekrovis;Omar;Omar.Ekrovis@mail.com
Omer;Dalors;Omer;Omer.Dalors@mail.com
Otto;Graf;Otto;Otto.Graf@mail.com
Ovide;La;Ovide;Ovide.La@mail.com;Tinette
Ovide;Lapoubelle;Ovide;Ovide.Lapoubelle@mail.com
Pacôme;Lizote;Pacôme;Pacôme.Lizote@mail.com
Pacôme;Toullemonde;Pacôme;Pacôme.Toullemonde@mail.com
Pacôme-Aude;Lavielle;Aude;Aude.Lavielle@mail.com
Parfait;Temmen;Parfait;Parfait.Temmen@mail.com
Paris;Si;Paris;Paris.Si@mail.com
Pat;Hibulaire;Pat;Pat.Hibulaire@mail.com
Pat;Houproch;Pat;Pat.Houproch@mail.com
Pat;Redway;Pat;Pat.Redway@mail.com
Pat;Regret;Pat;Pat.Regret@mail.com
Pat;Railoin;Pat;Pat.Railoin@mail.com
Paterne;Hitai;Paterne;Paterne.Hitai@mail.com
Paul;Chtron;Paul;Paul.Chtron@mail.com
Paul;Et;Paul;Paul.Et@mail.com;Mick
Mick;kay;Mick;Mick.kay@mail.com
Paul;Haimique;Paul;Paul.Haimique@mail.com
Paul;Ochon;Paul;Paul.Ochon@mail.com
Paul;Ution;Paul;Paul.Ution@mail.com
Paula;Roïd;Paula;Paula.Roïd@mail.com
Painailope;Solette;Painailope;Painailope.Solette@mail.com
Percy;Flage;Percy;Percy.Flage@mail.com
Perrine;Haiale;Perrine;Perrine.Haiale@mail.com
Phil;Alapatte;Phil;Phil.Alapatte@mail.com
Phil;Trahuile;Phil;Phil.Trahuile@mail.com
Philaimon;Banylon;Philaimon;Philaimon.Banylon@mail.com
Philaimon;Codesecret;Philaimon;Philaimon.Codesecret@mail.com
Pierre;Domsbal;Pierre;Pierre.Domsbal@mail.com
Pierre;Kiroul;Pierre;Pierre.Kiroul@mail.com
Pierre;Ponce;Pierre;Pierre.Ponce@mail.com
Pit;Za;Pit;Pit.Za@mail.com
Prosper;Hyttai;Prosper;Prosper.Hyttai@mail.com
Prudence;aimairdsuretay;Prudence;Prudence.aimairdsuretay@mail.com
Quentin;Gendarmerit;Quentin;Quentin.Gendarmerit@mail.com
Rabbi;Bochai;Rabbi;Rabbi.Bochai@mail.com
Ramon;Lacheminaie;Ramon;Ramon.Lacheminaie@mail.com
Ray;Ponse;Ray;Ray.Ponse@mail.com
Reygis;heur;Reygis;Reygis.heur@mail.com
Remy;Fasol;Remy;Remy.Fasol@mail.com
Renai;Kikoul;Renai;Renai.Kikoul@mail.com
Renaie;Daicendre;Renaie;Renaie.Daicendre@mail.com
Renaie;Sens;Renaie;Renaie.Sens@mail.com
Rhama;Çagescolaire;Rhama;Rhama.Çagescolaire@mail.com
Richard;Dasso;Richard;Richard.Dasso@mail.com
Rob;Otique;Rob;Rob.Otique@mail.com
Rod;Hanien;Rod;Rod.Hanien@mail.com
Roland;Culai;Roland;Roland.Culai@mail.com
Roland;Daigouts;Roland;Roland.Daigouts@mail.com
Romaio;Frigo;Romaio;Romaio.Frigo@mail.com
Rony;Vienplus;Rony;Rony.Vienplus@mail.com
Rose;Dayvan;Rose;Rose.Dayvan@mail.com
Sacha;Hutte;Sacha;Sacha.Hutte@mail.com
Sacha;Touille;Sacha;Sacha.Touille@mail.com
Salim;Bienlaiongle;Salim;Salim.Bienlaiongle@mail.com
Sam;Eugeyne;Sam;Sam.Eugeyne@mail.com
Sam;Gratte;Sam;Sam.Gratte@mail.com
Sam;Hovar;Sam;Sam.Hovar@mail.com
Sam;Laicasse;Sam;Sam.Laicasse@mail.com
Sam;Pique;Sam;Sam.Pique@mail.com
Sam;Troulefion;Sam;Sam.Troulefion@mail.com
Samantha;Lo;Samantha;Samantha.Lo@mail.com
Samira;Bien;Samira;Samira.Bien@mail.com
Samson;Nihimage;Samson;Samson.Nihimage@mail.com
Sandra;Nijambe;Sandra;Sandra.Nijambe@mail.com
Sandra;Delee;Sandra;Sandra.Delee@mail.com
Sandra;Nicouverture;Sandra;Sandra.Nicouverture@mail.com
Sandy;Ferrance;Sandy;Sandy.Ferrance@mail.com
Sandy;Kilo;Sandy;Sandy.Kilo@mail.com
Sandy;Manchai;Sandy;Sandy.Manchai@mail.com
Sandy;Maitrehai;Sandy;Sandy.Maitrehai@mail.com
Sarah;Croche;Sarah;Sarah.Croche@mail.com
Sarah;Fraichit;Sarah;Sarah.Fraichit@mail.com
Sarah;Masse;Sarah;Sarah.Masse@mail.com
Sarah;Pelle;Sarah;Sarah.Pelle@mail.com
Sarah;Pelpu;Sarah;Sarah.Pelpu@mail.com
Sarah;Sion;Sarah;Sarah.Sion@mail.com
Sarah;Tattine;Sarah;Sarah.Tattine@mail.com
Sarah;Vigote;Sarah;Sarah.Vigote@mail.com
Sarah;Visseuse;Sarah;Sarah.Visseuse@mail.com
Scott;Chai;Scott;Scott.Chai@mail.com
Saibastienne;Touseul;Saibastienne;Saibastienne.Touseul@mail.com
Serge;Oin;Serge;Serge.Oin@mail.com
Sheila;Lutfinale;Sheila;Sheila.Lutfinale@mail.com
Sheila;Zizanie;Sheila;Sheila.Zizanie@mail.com
Sim;Camille;Sim;Sim.Camille@mail.com
Simon;Cussonet;Simon;Simon.Cussonet@mail.com
Simon;Cuzoneytorayleur;Simon;Simon.Cuzoneytorayleur@mail.com
Solange;Eulure;Solange;Solange.Eulure@mail.com
Sylvain;Ebon;Sylvain;Sylvain.Ebon@mail.com
Sylvain;aitirai;Sylvain;Sylvain.aitirai@mail.com
Sylvie;Bromasseur;Sylvie;Sylvie.Bromasseur@mail.com
Sylvie;Caikilaipamor;Sylvie;Sylvie.Caikilaipamor@mail.com
Sylvie;Encorasommle;Sylvie;Sylvie.Encorasommle@mail.com
Sylvie;Rage;Sylvie;Sylvie.Rage@mail.com
Tanguy;Yadlavi;Tanguy;Tanguy.Yadlavi@mail.com-Yadlespoir
Tarek;Tifiai;Tarek;Tarek.Tifiai@mail.com
Ted;BouvamechercherUnebieyre;Ted;Ted.BouvamechercherUnebieyre@mail.com
Teddy;Nainportekoi;Teddy;Teddy.Nainportekoi@mail.com
Terry;Dicule;Terry;Terry.Dicule@mail.com
Terry;Kiki;Terry;Terry.Kiki@mail.com
Tex;Ageyre;Tex;Tex.Ageyre@mail.com
Thaia;Louest;Thaia;Thaia.Louest@mail.com
Thaiophile;aihontlobe;Thaiophile;Thaiophile.aihontlobe@mail.com
Thaireyse;Ponsabledumatos;Thaireyse;Thaireyse.Ponsabledumatos@mail.com
Thibault;Timeplai;Thibault;Thibault.Timeplai@mail.com
Thierry;Chmonfils;Thierry;Thierry.Chmonfils@mail.com
Thierry;Golo;Thierry;Thierry.Golo@mail.com
Thomas;Toketchup;Thomas;Thomas.Toketchup@mail.com
Thomas;Waques;Thomas;Thomas.Waques@mail.com
Tim;Hagine;Tim;Tim.Hagine@mail.com
Tom;De;Tom;Tom.De@mail.com;Savoie
Tom;aigairie;Tom;Tom.aigairie@mail.com
Tom;Hawack;Tom;Tom.Hawack@mail.com
Tristan;Amour;Tristan;Tristan.Amour@mail.com
Vicky;Naipamort;Vicky;Vicky.Naipamort@mail.com
Vishnou;Lapaix;Vishnou;Vishnou.Lapaix@mail.com
Vivien;Chezmoi;Vivien;Vivien.Chezmoi@mail.com
Xavier;K;Xavier;Xavier.K@mail.com.;Paaitrela
Yamamoto;Kaderate;Yamamoto;Yamamoto.Kaderate@mail.com
Yann;Akepourlui;Yann;Yann.Akepourlui@mail.com
Yoland;Gingras;Yoland;Yoland.Gingras@mail.com
Yvan;Dubois;Yvan;Yvan.Dubois@mail.com
Yvan;Peyraimeyre;Yvan;Yvan.Peyraimeyre@mail.com
Yvan;Tou;Yvan;Yvan.Tou@mail.com;Hassan;Souh;Hassan;Hassan.Souh@mail.com
Yves;Atrovite;Yves;Yves.Atrovite@mail.com
Yves;Salle;Yves;Yves.Salle@mail.com
Yves;Hairon;Yves;Yves.Hairon@mail.com
Yves;Vapabien;Yves;Yves.Vapabien@mail.com
Yves;Vapartout;Yves;Yves.Vapartout@mail.com
Yvon;Enbavai;Yvon;Yvon.Enbavai@mail.com
Yvon;Eviene;Yvon;Yvon.Eviene@mail.com
Yvon;Lavallaie;Yvon;Yvon.Lavallaie@mail.com
Yvon;Tremblay;Yvon;Yvon.Tremblay@mail.com
Zinedine;Pacesoir;Zinedine;Zinedine.Pacesoir@mail.com